"model","elpd_diff","se_diff","elpd_loo","se_elpd_loo","p_loo","se_p_loo","looic","se_looic"
"production",0,0,-239555.818207297,136.399724161351,2.58315236854964,0.0235271750873596,479111.636414594,272.799448322702
"ensemble",-590.828300799279,72.7446447264126,-240146.646508107,134.207056525914,2.56817632953768,0.0232876656437619,480293.293016214,268.414113051828
"nonfocal_mutation_counterfactual",-3823.67567403898,108.044021202733,-243379.493881347,114.154800137577,2.38272998059336,0.0233288156942462,486758.987762694,228.309600275154
"nonfocal_population_counterfactual",-5890.25172361648,117.78553841328,-245446.069930925,101.104382802576,2.28319761698695,0.0244090258670559,490892.139861851,202.208765605152
"focal_population_counterfactual",-7071.63849408888,115.459001014866,-246627.456701395,96.0938778457559,2.21404010719425,0.00961183592106194,493254.91340279,192.187755691512
"focal_mutation_counterfactual",-7085.24533818733,116.254484154189,-246641.063545495,95.9977990666733,2.21728850773375,0.00973403870764954,493282.127090989,191.995598133347
